feature,importance
Torque [Nm],0.3486464242939096
Rotational speed [rpm],0.21132354407298864
Tool wear [min],0.16034040224845988
Air temperature [K],0.14230844442532947
Process temperature [K],0.13738118495931245
